1,C# 7.0 Справочник,Джозеф Албахари & Бен Албахари
2,C# 7.0 Справочник,Джозеф Албахари & Бен Албахари
3,   ,
4,3,Джозеф Албахари & Бен Албахари
5,C# 7.0 Справочник,Джозеф Албахари & Бен Албахари
6,C# 7.0 Справочник,Джозеф Албахари & Бен Албахари
7,C# 7.0 Справочник,Джозеф Албахари & Бен Албахари
8,C# 7.0 Справочник,Джозеф Албахари & Бен Албахари
9,C# 7.0 Справочник,Джозеф Албахари & Бен Албахари
10,C# 7.0 Справочник,Джозеф Албахари & Бен Албахари
11, ,Джозеф Албахари & Бен Албахари
12,C# 7.0 Справочник,Джозеф Албахари & Бен Албахари
13,C# 7.0 Справочник,Джозеф Албахари & Бен Албахари
14,C# 7.0 Справочник,Troelsen
15,C# 7.0 Справочник,Troelsen
16,C# 7.0 Справочник,Troelsen
21,C# 7.0 Справочник,Troelsen
22,Hi,Troelsen
